,Date,Action,Symbol,Description,Quantity,Price,Fees & Comm,Amount,AcctgRuleCd
0,2026-03-25,Reinvest Shares,DODLX,DODGE & COX GLOBAL BOND I,1.529,$11.16,,-17.06,2
1,2026-03-25,Reinvest Dividend,DODLX,DODGE & COX GLOBAL BOND I,,,,17.06,2
2,2026-03-30,Qualified Dividend,WMB,WILLIAMS COS INC,,,,52.50,2
3,2026-03-30,Cash Dividend,SCHD,SCHWAB U.S. DIVIDEND EQUITY ETF,,,,25.69,2
4,2026-03-31,Non-Qualified Div,SPG,SIMON PPTY GROUP INC NEWREIT,,,,220.00,2
5,2026-03-31,Cash Dividend,PLD,PROLOGIS INC REIT,,,,107.00,2
6,2026-03-31,Reinvest Shares,SWVXX,SCHWAB PRIME ADVANTAGE MONEY INVESTOR,5.7,$1.00,,-5.70,1
7,2026-03-31,Reinvest Shares,SWVXX,SCHWAB PRIME ADVANTAGE MONEY INVESTOR,21.82,$1.00,,-21.82,2
8,2026-03-31,Reinvest Shares,PSAIX,PIMCO GLOBAL ADVANTAGE STRATEGY BD INSTL,1.107,$10.23,,-11.32,2
9,2026-03-31,Reinvest Dividend,SWVXX,SCHWAB PRIME ADVANTAGE MONEY INVESTOR,,,,5.70,1
10,2026-03-31,Reinvest Dividend,SWVXX,SCHWAB PRIME ADVANTAGE MONEY INVESTOR,,,,21.82,2
11,2026-03-31,Reinvest Dividend,PSAIX,PIMCO GLOBAL ADVANTAGE STRATEGY BD INSTL,,,,11.32,2
12,2026-04-01,Qualified Dividend,NVDA,NVIDIA CORP,,,,1.00,2
13,2026-04-01,Bond Interest,655867TY5,NORFOLK VA 5%27GO UTX DUE 10/01/27,,,,125.00,2
14,2026-04-15,Cash Dividend,CUBE,CUBESMART REIT,,,,212.00,2
15,2026-04-15,Qualified Dividend,OXY,OCCIDENTAL PETE CORP,,,,26.00,2
16,2026-04-17,Qualified Dividend,MDT,MEDTRONIC PLC F,,,,71.00,2
17,2026-04-28,Cash Dividend,AMT,AMERICAN TOWER CORP NEW REIT,,,,179.00,2
18,2026-04-30,Bond Interest,91282CDG3,US TREASU NT 1.125%10/26UST NOTE DUE 10/31/26,,,,28.12,2
19,2026-04-30,Reinvest Shares,SWVXX,SCHWAB PRIME ADVANTAGE MONEY INVESTOR,27.56,$1.00,,-27.56,2
20,2026-04-30,Reinvest Shares,PSAIX,PIMCO GLOBAL ADVANTAGE STRATEGY BD INSTL,0.785,$10.29,,-8.08,2
21,2026-04-30,Reinvest Dividend,SWVXX,SCHWAB PRIME ADVANTAGE MONEY INVESTOR,,,,27.56,2
22,2026-04-30,Reinvest Dividend,PSAIX,PIMCO GLOBAL ADVANTAGE STRATEGY BD INSTL,,,,8.08,2
23,2026-05-01,Qualified Dividend,T,AT&T INC,,,,249.75,2
24,2026-05-01,Qualified Dividend,VZ,VERIZON COMMUNICATIONS I,,,,353.75,2
25,2026-05-01,Qualified Dividend,BMY,BRISTOL MYERS SQUIBB CO,,,,126.00,2
26,2026-05-04,Qualified Dividend,CVS,CVS HEALTH CORP,,,,66.50,2
27,2026-05-05,Qualified Dividend,ASML,ASML HLDG N V FSPONSORED ADR 1 ADR REPS 1 ORD SHS,,,,6.34,2
28,2026-05-15,Qualified Dividend,AOS,SMITH A O CORP,,,,36.00,2
29,2026-05-15,Qualified Dividend,KMI,KINDER MORGAN INC DEL,,,,29.75,2
30,2026-05-22,Qualified Dividend,SCHW,CHARLES SCHWAB CORP,,,,64.00,2
31,2026-05-29,Reinvest Shares,SWVXX,SCHWAB PRIME ADVANTAGE MONEY INVESTOR,1,$1.00,,-1.00,1
32,2026-05-29,Reinvest Shares,SWVXX,SCHWAB PRIME ADVANTAGE MONEY INVESTOR,28.33,$1.00,,-28.33,2
33,2026-05-29,Reinvest Shares,PSAIX,PIMCO GLOBAL ADVANTAGE STRATEGY BD INSTL,0.9,$10.35,,-9.32,2
34,2026-05-29,Reinvest Dividend,SWVXX,SCHWAB PRIME ADVANTAGE MONEY INVESTOR,,,,1.00,1
35,2026-05-29,Reinvest Dividend,SWVXX,SCHWAB PRIME ADVANTAGE MONEY INVESTOR,,,,28.33,2
36,2026-05-29,Reinvest Dividend,PSAIX,PIMCO GLOBAL ADVANTAGE STRATEGY BD INSTL,,,,9.32,2
37,2026-06-01,Bond Interest,641480HY7,NEVADA ST HWY IMPT 5%26MTR TAX DUE 12/01/26,,,,125.00,2
38,2026-06-12,Qualified Dividend,PFE,PFIZER INC,,,,86.00,2
39,2026-06-16,Qualified Dividend,DUK,DUKE ENERGY CORP NEW,,,,213.00,2
40,2026-06-25,Reinvest Dividend,DODLX,DODGE & COX GLOBAL BOND I,,,,25.19,2
41,2026-06-25,Reinvest Shares,DODLX,DODGE & COX GLOBAL BOND I,2.245,$11.22,,-25.19,2
42,2026-06-26,Qualified Dividend,NVDA,NVIDIA CORP,,,,25.00,2
43,2026-06-29,Qualified Dividend,WMB,WILLIAMS COS INC,,,,52.50,2
44,2026-06-29,Cash Dividend,SCHD,SCHWAB U.S. DIVIDEND EQUITY ETF,,,,25.25,2
45,2026-06-30,Non-Qualified Div,SPG,SIMON PPTY GROUP INC NEWREIT,,,,225.00,2
46,2026-06-30,Cash Dividend,PLD,PROLOGIS INC REIT,,,,107.00,2
47,2026-06-30,Reinvest Shares,SWVXX,SCHWAB PRIME ADVANTAGE MONEY INVESTOR,0.45,$1.00,,-0.45,1
48,2026-06-30,Reinvest Shares,SWVXX,SCHWAB PRIME ADVANTAGE MONEY INVESTOR,27.34,$1.00,,-27.34,2
49,2026-06-30,Reinvest Shares,PSAIX,PIMCO GLOBAL ADVANTAGE STRATEGY BD INSTL,0.869,$10.37,,-9.01,2
50,2026-06-30,Reinvest Dividend,SWVXX,SCHWAB PRIME ADVANTAGE MONEY INVESTOR,,,,0.45,1
51,2026-06-30,Reinvest Dividend,SWVXX,SCHWAB PRIME ADVANTAGE MONEY INVESTOR,,,,27.34,2
52,2026-06-30,Reinvest Dividend,PSAIX,PIMCO GLOBAL ADVANTAGE STRATEGY BD INSTL,,,,9.01,2
53,2026-07-13,Cash Dividend,AMT,AMERICAN TOWER CORP NEW REIT,,,,179.00,2
54,2026-07-15,Qualified Dividend,OXY,OCCIDENTAL PETE CORP,,,,26.00,2
55,2026-07-15,Cash Dividend,CUBE,CUBESMART REIT,,,,212.00,2
56,2026-07-17,Qualified Dividend,MDT,MEDTRONIC PLC F,,,,72.00,2
57,2026-07-31,Reinvest Shares,SWVXX,SCHWAB PRIME ADVANTAGE MONEY INVESTOR,3.2,$1.00,,-3.20,1
58,2026-07-31,Reinvest Shares,SWVXX,SCHWAB PRIME ADVANTAGE MONEY INVESTOR,27.16,$1.00,,-27.16,2
59,2026-07-31,Reinvest Shares,PSAIX,PIMCO GLOBAL ADVANTAGE STRATEGY BD INSTL,1.043,$10.24,,-10.68,2
60,2026-07-31,Reinvest Dividend,SWVXX,SCHWAB PRIME ADVANTAGE MONEY INVESTOR,,,,3.20,1
61,2026-07-31,Reinvest Dividend,SWVXX,SCHWAB PRIME ADVANTAGE MONEY INVESTOR,,,,27.16,2
62,2026-07-31,Reinvest Dividend,PSAIX,PIMCO GLOBAL ADVANTAGE STRATEGY BD INSTL,,,,10.68,2
63,2026-08-03,Qualified Dividend,T,AT&T INC,,,,249.75,2
64,2026-08-03,Qualified Dividend,BMY,BRISTOL MYERS SQUIBB CO,,,,126.00,2
65,2026-08-03,Qualified Dividend,VZ,VERIZON COMMUNICATIONS I,,,,353.75,2
66,2026-08-03,Qualified Dividend,CVS,CVS HEALTH CORP,,,,66.50,2
67,2026-08-05,Qualified Dividend,ASML,ASML HLDG N V FSPONSORED ADR 1 ADR REPS 1 ORD SHS,,,,4.28,2
68,2026-08-17,Qualified Dividend,AOS,SMITH A O CORP,,,,36.00,2
69,2026-08-17,Qualified Dividend,KMI,KINDER MORGAN INC DEL,,,,59.50,2
70,,Bond Interest,91282CHU8,US TREASU NT 4.375%08XXX**MATURED**,,,,109.38,2
71,2026-08-28,Qualified Dividend,SCHW,CHARLES SCHWAB CORP,,,,64.00,2
72,2026-08-31,Reinvest Shares,SWVXX,SCHWAB PRIME ADVANTAGE MONEY INVESTOR,2.76,$1.00,,-2.76,1
73,2026-08-31,Reinvest Shares,SWVXX,SCHWAB PRIME ADVANTAGE MONEY INVESTOR,25.47,$1.00,,-25.47,2
74,2026-08-31,Reinvest Shares,PSAIX,PIMCO GLOBAL ADVANTAGE STRATEGY BD INSTL,0.722,$10.25,,-7.40,2
75,2026-08-31,Reinvest Dividend,SWVXX,SCHWAB PRIME ADVANTAGE MONEY INVESTOR,,,,2.76,1
76,2026-08-31,Reinvest Dividend,SWVXX,SCHWAB PRIME ADVANTAGE MONEY INVESTOR,,,,25.47,2
77,2026-08-31,Reinvest Dividend,PSAIX,PIMCO GLOBAL ADVANTAGE STRATEGY BD INSTL,,,,7.40,2
78,2026-09-01,Qualified Dividend,PFE,PFIZER INC,,,,86.00,2
79,2026-09-15,Bond Interest,91282CHY0,US TREASU NT 4.625%09XXX**MATURED**,,,,115.63,2
80,2026-09-16,Qualified Dividend,DUK,DUKE ENERGY CORP NEW,,,,217.00,2
